{
  "id": "2ae41bb5-5423-414d-9190-1b6dd460e12f",
  "name": "play_again_no",
  "auto": true,
  "contexts": [
    "game",
    "yes_no"
  ],
  "userSays": [
    {
      "id": "cde1c465-3f93-4b19-a747-f338e89c71d7",
      "data": [
        {
          "text": "not really"
        }
      ],
      "isTemplate": false,
      "count": 0
    },
    {
      "id": "f6d3ecc3-f67e-4ac2-a9f9-c4e58c65de49",
      "data": [
        {
          "text": "nope"
        }
      ],
      "isTemplate": false,
      "count": 0
    },
    {
      "id": "0d144058-a87e-4933-a58f-e6f619d36312",
      "data": [
        {
          "text": "no"
        }
      ],
      "isTemplate": false,
      "count": 0
    }
  ],
  "responses": [
    {
      "resetContexts": false,
      "action": "play_again_no",
      "affectedContexts": [
        {
          "name": "game",
          "lifespan": 5
        }
      ],
      "parameters": []
    }
  ],
  "priority": 500000,
  "webhookUsed": true,
  "fallbackIntent": false
}