{
  "id": "a2544a83-8591-4b8d-86ba-f41b300c1d36",
  "name": "play-again-yes",
  "auto": true,
  "contexts": [
    "game",
    "yes_no"
  ],
  "userSays": [
    {
      "id": "84e6196c-2923-4359-9e7a-603c86165448",
      "data": [
        {
          "text": "sure"
        }
      ],
      "isTemplate": false,
      "count": 0
    },
    {
      "id": "a2da60ae-b823-4e0a-995f-d10928afa394",
      "data": [
        {
          "text": "yep"
        }
      ],
      "isTemplate": false,
      "count": 0
    },
    {
      "id": "5bae62ef-7dfd-42b9-a546-5207b62a7aab",
      "data": [
        {
          "text": "yes"
        }
      ],
      "isTemplate": false,
      "count": 0
    }
  ],
  "responses": [
    {
      "resetContexts": false,
      "action": "play_again_yes",
      "affectedContexts": [
        {
          "name": "game",
          "lifespan": 5
        }
      ],
      "parameters": []
    }
  ],
  "priority": 500000,
  "webhookUsed": true,
  "fallbackIntent": false
}