[
  {
    "id": "aba0eae2-b573-416c-99c7-f577bcef83ad",
    "data": [
      {
        "text": "77",
        "alias": "number",
        "meta": "@sys.number",
        "userDefined": true
      }
    ],
    "isTemplate": false,
    "count": 0,
    "updated": 0
  },
  {
    "id": "15894d81-58c9-494c-9f20-9e18db9a12ee",
    "data": [
      {
        "text": "the number ",
        "userDefined": false
      },
      {
        "text": "45",
        "alias": "number",
        "meta": "@sys.number",
        "userDefined": true
      }
    ],
    "isTemplate": false,
    "count": 0,
    "updated": 0
  },
  {
    "id": "3ad42089-dbda-4dec-acae-9744fb22f380",
    "data": [
      {
        "text": "number ",
        "userDefined": false
      },
      {
        "text": "5",
        "alias": "number",
        "meta": "@sys.number",
        "userDefined": true
      }
    ],
    "isTemplate": false,
    "count": 0,
    "updated": 0
  }
]