[
  {
    "id": "9ae7f843-7f62-4a1f-912a-b3b6d11511e9",
    "data": [
      {
        "text": "77",
        "alias": "number",
        "meta": "@sys.number",
        "userDefined": true
      }
    ],
    "isTemplate": false,
    "count": 0,
    "updated": 0
  },
  {
    "id": "4aaf851e-a5f4-4a9f-a8d1-7b09b055f8e4",
    "data": [
      {
        "text": "the number ",
        "userDefined": false
      },
      {
        "text": "45",
        "alias": "number",
        "meta": "@sys.number",
        "userDefined": true
      }
    ],
    "isTemplate": false,
    "count": 0,
    "updated": 0
  },
  {
    "id": "c57026dd-1ba1-4930-9519-9d57218080dd",
    "data": [
      {
        "text": "number ",
        "userDefined": false
      },
      {
        "text": "5",
        "alias": "number",
        "meta": "@sys.number",
        "userDefined": true
      }
    ],
    "isTemplate": false,
    "count": 0,
    "updated": 0
  }
]