[
  {
    "id": "77f691b1-0baf-4a72-99ff-9e4ebcaf3006",
    "data": [
      {
        "text": "Bien sur",
        "userDefined": false
      }
    ],
    "isTemplate": false,
    "count": 0,
    "updated": 1507088317
  },
  {
    "id": "e34bcd8e-9bba-4846-a00d-e90be56cc756",
    "data": [
      {
        "text": "Ok",
        "userDefined": false
      }
    ],
    "isTemplate": false,
    "count": 0,
    "updated": 1507088317
  },
  {
    "id": "2a036946-d4e5-49a9-8da3-07cabda30258",
    "data": [
      {
        "text": "Ouais",
        "userDefined": false
      }
    ],
    "isTemplate": false,
    "count": 0,
    "updated": 1507088317
  },
  {
    "id": "e8b24e9c-3a79-46e2-bf86-0c274e1d2dd6",
    "data": [
      {
        "text": "Oui",
        "userDefined": false
      }
    ],
    "isTemplate": false,
    "count": 0,
    "updated": 1507088317
  }
]