[
  {
    "id": "22a87a83-83e8-4f78-9db0-5175c2e7a73c",
    "data": [
      {
        "text": "Bien sur",
        "userDefined": false
      }
    ],
    "isTemplate": false,
    "count": 0,
    "updated": 1507088317
  },
  {
    "id": "76b449bb-7ed2-4cf9-8c08-3b50f06d8da1",
    "data": [
      {
        "text": "Ok",
        "userDefined": false
      }
    ],
    "isTemplate": false,
    "count": 0,
    "updated": 1507088317
  },
  {
    "id": "b698d036-bdd2-4a21-b3af-b15c5fef55b1",
    "data": [
      {
        "text": "Ouais",
        "userDefined": false
      }
    ],
    "isTemplate": false,
    "count": 0,
    "updated": 1507088317
  },
  {
    "id": "005abdc6-4f9b-4450-a7b8-279b04bb7635",
    "data": [
      {
        "text": "Oui",
        "userDefined": false
      }
    ],
    "isTemplate": false,
    "count": 0,
    "updated": 1507088317
  }
]