[
  {
    "id": "1f17b982-2007-45e6-b534-a7e457915cf5",
    "data": [
      {
        "text": "Non merci",
        "userDefined": false
      }
    ],
    "isTemplate": false,
    "count": 0,
    "updated": 1507088213
  },
  {
    "id": "1dd38d40-5b17-415d-8996-f2dbbd88c2b5",
    "data": [
      {
        "text": "Je pense pas",
        "userDefined": false
      }
    ],
    "isTemplate": false,
    "count": 0,
    "updated": 1507088213
  },
  {
    "id": "beceb5aa-c90d-49aa-8037-c33aa8c763f5",
    "data": [
      {
        "text": "Je ne pense pas",
        "userDefined": false
      }
    ],
    "isTemplate": false,
    "count": 0,
    "updated": 1507088213
  },
  {
    "id": "316a69a2-fd9f-445c-b2d2-657f1319bcb3",
    "data": [
      {
        "text": "Pas du tout",
        "userDefined": false
      }
    ],
    "isTemplate": false,
    "count": 0,
    "updated": 1507088213
  },
  {
    "id": "30e774a5-81c4-4e3b-b7b9-7578ef471bb5",
    "data": [
      {
        "text": "Pas encore",
        "userDefined": false
      }
    ],
    "isTemplate": false,
    "count": 0,
    "updated": 1507088213
  },
  {
    "id": "9e3d9ab5-7a31-4015-ab6b-4195a3e9a48d",
    "data": [
      {
        "text": "Pas vraiment",
        "userDefined": false
      }
    ],
    "isTemplate": false,
    "count": 0,
    "updated": 1507088213
  },
  {
    "id": "9c3c1e8f-1871-455d-9e79-170a378ea63a",
    "data": [
      {
        "text": "Non",
        "userDefined": false
      }
    ],
    "isTemplate": false,
    "count": 0,
    "updated": 1507088213
  }
]