[
  {
    "id": "21f898f0-19ba-4e59-bea5-60a0527b65b8",
    "data": [
      {
        "text": "Non merci",
        "userDefined": false
      }
    ],
    "isTemplate": false,
    "count": 0,
    "updated": 1507088213
  },
  {
    "id": "16ef531f-639e-4322-88f3-59737f8eb50b",
    "data": [
      {
        "text": "Je pense pas",
        "userDefined": false
      }
    ],
    "isTemplate": false,
    "count": 0,
    "updated": 1507088213
  },
  {
    "id": "1260d7fb-d4e6-4153-afda-1a72e327cbfc",
    "data": [
      {
        "text": "Je ne pense pas",
        "userDefined": false
      }
    ],
    "isTemplate": false,
    "count": 0,
    "updated": 1507088213
  },
  {
    "id": "bf391fb9-fcdc-45d5-bd03-f461747b74a1",
    "data": [
      {
        "text": "Pas du tout",
        "userDefined": false
      }
    ],
    "isTemplate": false,
    "count": 0,
    "updated": 1507088213
  },
  {
    "id": "f659bcdb-ab45-4f7e-a5d6-93ef8f6d3575",
    "data": [
      {
        "text": "Pas encore",
        "userDefined": false
      }
    ],
    "isTemplate": false,
    "count": 0,
    "updated": 1507088213
  },
  {
    "id": "da878c54-47f2-4c32-9d53-68198111e7db",
    "data": [
      {
        "text": "Pas vraiment",
        "userDefined": false
      }
    ],
    "isTemplate": false,
    "count": 0,
    "updated": 1507088213
  },
  {
    "id": "38abf75e-678b-42ef-b0bc-09962389f5e7",
    "data": [
      {
        "text": "Non",
        "userDefined": false
      }
    ],
    "isTemplate": false,
    "count": 0,
    "updated": 1507088213
  }
]