[
  {
    "id": "4caa24df-cf20-4346-a422-0821cb027284",
    "data": [
      {
        "text": "Non merci",
        "userDefined": false
      }
    ],
    "isTemplate": false,
    "count": 0,
    "updated": 1507088482
  },
  {
    "id": "afe73d37-c8b2-4992-a5b0-50316b2a6a50",
    "data": [
      {
        "text": "Pas tout de suite",
        "userDefined": false
      }
    ],
    "isTemplate": false,
    "count": 0,
    "updated": 1507088482
  },
  {
    "id": "ac1c964c-109a-413e-bb89-faa842fbd46b",
    "data": [
      {
        "text": "Plus tard",
        "userDefined": false
      }
    ],
    "isTemplate": false,
    "count": 0,
    "updated": 1507088482
  },
  {
    "id": "27feff0f-243c-44cc-ae71-a7434df25248",
    "data": [
      {
        "text": "Pas maintenant",
        "userDefined": false
      }
    ],
    "isTemplate": false,
    "count": 0,
    "updated": 1507088482
  },
  {
    "id": "23e3642f-4a98-4207-8d08-6a2f569b9625",
    "data": [
      {
        "text": "J\u0027ai pas envie",
        "userDefined": false
      }
    ],
    "isTemplate": false,
    "count": 0,
    "updated": 1507088482
  },
  {
    "id": "a8f7cb99-287d-4121-b782-abf261408be1",
    "data": [
      {
        "text": "Je n\u0027ai pas envie",
        "userDefined": false
      }
    ],
    "isTemplate": false,
    "count": 0,
    "updated": 1507088482
  },
  {
    "id": "d5bea8a0-5fb1-4fae-9188-71207fcb6591",
    "data": [
      {
        "text": "Je ne pense pas",
        "userDefined": false
      }
    ],
    "isTemplate": false,
    "count": 0,
    "updated": 1507088482
  },
  {
    "id": "a3a89b61-7066-47bf-af89-35c034651703",
    "data": [
      {
        "text": "Non",
        "userDefined": false
      }
    ],
    "isTemplate": false,
    "count": 0,
    "updated": 1507088482
  }
]