[
  {
    "id": "46707e43-2750-4f17-9c26-7f2dd36c0e67",
    "data": [
      {
        "text": "Ouep",
        "userDefined": false
      }
    ],
    "isTemplate": false,
    "count": 0,
    "updated": 1507088361
  },
  {
    "id": "e2538b60-fb75-42d5-813d-f86130ca36f6",
    "data": [
      {
        "text": "Encore Une",
        "userDefined": false
      }
    ],
    "isTemplate": false,
    "count": 0,
    "updated": 1507088361
  },
  {
    "id": "aae852d4-7d7e-46bd-81c4-93715ed02beb",
    "data": [
      {
        "text": "Allez",
        "userDefined": false
      }
    ],
    "isTemplate": false,
    "count": 0,
    "updated": 1507088361
  },
  {
    "id": "5208886e-38bb-445a-b141-9890d697584a",
    "data": [
      {
        "text": "Ouais",
        "userDefined": false
      }
    ],
    "isTemplate": false,
    "count": 0,
    "updated": 1507088361
  },
  {
    "id": "e6ebbc74-01b0-4a89-99d9-dd11becfaebd",
    "data": [
      {
        "text": "Avec plaisir",
        "userDefined": false
      }
    ],
    "isTemplate": false,
    "count": 0,
    "updated": 1507088361
  },
  {
    "id": "a06f654d-5d7e-4ff5-9747-37a86a9781e6",
    "data": [
      {
        "text": "Bien sur",
        "userDefined": false
      }
    ],
    "isTemplate": false,
    "count": 0,
    "updated": 1507088361
  },
  {
    "id": "1653e78e-1884-4807-9250-ac9cb30e1c37",
    "data": [
      {
        "text": "D\u0027accord",
        "userDefined": false
      }
    ],
    "isTemplate": false,
    "count": 0,
    "updated": 1507088361
  },
  {
    "id": "6f45d66d-8e0d-452a-92f4-cd9ffdf57a0e",
    "data": [
      {
        "text": "Ok",
        "userDefined": false
      }
    ],
    "isTemplate": false,
    "count": 0,
    "updated": 1507088361
  },
  {
    "id": "4c47562c-6ceb-4ee3-a7c0-b5ccd3dda37f",
    "data": [
      {
        "text": "Oui",
        "userDefined": false
      }
    ],
    "isTemplate": false,
    "count": 0,
    "updated": 1507088361
  }
]