[
  {
    "id": "26b3a83b-987e-4301-893a-9635b829b7bb",
    "data": [
      {
        "text": "Ouep",
        "userDefined": false
      }
    ],
    "isTemplate": false,
    "count": 0,
    "updated": 1507088361
  },
  {
    "id": "36509924-a436-4485-b2de-3ff0d25c1e33",
    "data": [
      {
        "text": "Encore Une",
        "userDefined": false
      }
    ],
    "isTemplate": false,
    "count": 0,
    "updated": 1507088361
  },
  {
    "id": "2c4b04b6-2aca-4c7e-97a9-d238a1e521b1",
    "data": [
      {
        "text": "Allez",
        "userDefined": false
      }
    ],
    "isTemplate": false,
    "count": 0,
    "updated": 1507088361
  },
  {
    "id": "6ea17add-8173-4b8e-a465-e2814ddfa27a",
    "data": [
      {
        "text": "Ouais",
        "userDefined": false
      }
    ],
    "isTemplate": false,
    "count": 0,
    "updated": 1507088361
  },
  {
    "id": "fa8e3f03-5db7-4c37-987b-256f3c122f69",
    "data": [
      {
        "text": "Avec plaisir",
        "userDefined": false
      }
    ],
    "isTemplate": false,
    "count": 0,
    "updated": 1507088361
  },
  {
    "id": "71d00771-4384-4b76-ba91-e01943371b10",
    "data": [
      {
        "text": "Bien sur",
        "userDefined": false
      }
    ],
    "isTemplate": false,
    "count": 0,
    "updated": 1507088361
  },
  {
    "id": "6efc9aa8-b346-4dbe-a7af-7fa4dbb690f0",
    "data": [
      {
        "text": "D\u0027accord",
        "userDefined": false
      }
    ],
    "isTemplate": false,
    "count": 0,
    "updated": 1507088361
  },
  {
    "id": "0cca8a84-b624-412a-a25b-102e22fc3854",
    "data": [
      {
        "text": "Ok",
        "userDefined": false
      }
    ],
    "isTemplate": false,
    "count": 0,
    "updated": 1507088361
  },
  {
    "id": "f56cd070-723b-43f7-b79b-0e69efea3621",
    "data": [
      {
        "text": "Oui",
        "userDefined": false
      }
    ],
    "isTemplate": false,
    "count": 0,
    "updated": 1507088361
  }
]