[
  {
    "id": "cc015606-02ef-47c4-962f-d23678f2edc6",
    "data": [
      {
        "text": "Non merci",
        "userDefined": false
      }
    ],
    "isTemplate": false,
    "count": 0,
    "updated": 1507088482
  },
  {
    "id": "3f5daf25-3443-48ca-824c-003f344afca7",
    "data": [
      {
        "text": "Pas tout de suite",
        "userDefined": false
      }
    ],
    "isTemplate": false,
    "count": 0,
    "updated": 1507088482
  },
  {
    "id": "97ada93c-c15f-4177-812e-25f11bcf817e",
    "data": [
      {
        "text": "Plus tard",
        "userDefined": false
      }
    ],
    "isTemplate": false,
    "count": 0,
    "updated": 1507088482
  },
  {
    "id": "797f8e07-0942-4a49-95fc-0d72976a1e32",
    "data": [
      {
        "text": "Pas maintenant",
        "userDefined": false
      }
    ],
    "isTemplate": false,
    "count": 0,
    "updated": 1507088482
  },
  {
    "id": "2ec1a170-c850-46be-afe7-2c828f431572",
    "data": [
      {
        "text": "J\u0027ai pas envie",
        "userDefined": false
      }
    ],
    "isTemplate": false,
    "count": 0,
    "updated": 1507088482
  },
  {
    "id": "e04dec3e-a3dd-453b-be2e-5352e464e822",
    "data": [
      {
        "text": "Je n\u0027ai pas envie",
        "userDefined": false
      }
    ],
    "isTemplate": false,
    "count": 0,
    "updated": 1507088482
  },
  {
    "id": "372db3e7-8f44-48b3-bbe5-311efd620358",
    "data": [
      {
        "text": "Je ne pense pas",
        "userDefined": false
      }
    ],
    "isTemplate": false,
    "count": 0,
    "updated": 1507088482
  },
  {
    "id": "184dbd3e-193a-48d8-bb4a-1dccdd0d5860",
    "data": [
      {
        "text": "Non",
        "userDefined": false
      }
    ],
    "isTemplate": false,
    "count": 0,
    "updated": 1507088482
  }
]