[
  {
    "id": "871bd8d4-e0f9-4329-9e20-ff8864cf9d2f",
    "data": [
      {
        "text": "Ca ne serait  pas ",
        "userDefined": false
      },
      {
        "text": "88",
        "alias": "guess",
        "meta": "@sys.number",
        "userDefined": true
      },
      {
        "text": " par hasard?",
        "userDefined": false
      }
    ],
    "isTemplate": false,
    "count": 0,
    "updated": 1507088731
  },
  {
    "id": "729b0e41-7ac3-49f1-868f-814414241d5b",
    "data": [
      {
        "text": "C\u0027est plus haut que ",
        "userDefined": false
      },
      {
        "text": "77",
        "alias": "guess",
        "meta": "@sys.number",
        "userDefined": true
      }
    ],
    "isTemplate": false,
    "count": 0,
    "updated": 1507088731
  },
  {
    "id": "a8a17eb2-370a-4bcd-b263-71464407587c",
    "data": [
      {
        "text": "Est-ce que c\u0027est moins que ",
        "userDefined": false
      },
      {
        "text": "88",
        "alias": "guess",
        "meta": "@sys.number",
        "userDefined": true
      }
    ],
    "isTemplate": false,
    "count": 0,
    "updated": 1507088731
  },
  {
    "id": "31e9f7a5-c0bc-4549-a5e4-7fbe8b75d584",
    "data": [
      {
        "text": "Est-ce que c\u0027est plus bas que ",
        "userDefined": false
      },
      {
        "text": "77",
        "alias": "guess",
        "meta": "@sys.number",
        "userDefined": true
      },
      {
        "text": "?",
        "userDefined": false
      }
    ],
    "isTemplate": false,
    "count": 0,
    "updated": 1507088731
  },
  {
    "id": "2a0d28ce-7a25-4e04-b266-5b44d4d5ed0e",
    "data": [
      {
        "text": "Est-ce que c\u0027est plus élevé que ",
        "userDefined": false
      },
      {
        "text": "88",
        "alias": "guess",
        "meta": "@sys.number",
        "userDefined": true
      },
      {
        "text": "?",
        "userDefined": false
      }
    ],
    "isTemplate": false,
    "count": 0,
    "updated": 1507088731
  },
  {
    "id": "8c31a83f-cc57-4eb6-8aab-2f9d36cf7938",
    "data": [
      {
        "text": "Je pars sur le ",
        "userDefined": false
      },
      {
        "text": "31",
        "alias": "guess",
        "meta": "@sys.number",
        "userDefined": true
      }
    ],
    "isTemplate": false,
    "count": 0,
    "updated": 1507088731
  },
  {
    "id": "48d8928e-148a-4355-a18d-3c871ac7f7e7",
    "data": [
      {
        "text": "Testons le ",
        "userDefined": false
      },
      {
        "text": "31",
        "alias": "guess",
        "meta": "@sys.number",
        "userDefined": true
      }
    ],
    "isTemplate": false,
    "count": 0,
    "updated": 1507088731
  },
  {
    "id": "12398324-f46e-49e7-90e8-a94d8cbdb51a",
    "data": [
      {
        "text": "Essayons avec ",
        "userDefined": false
      },
      {
        "text": "25",
        "alias": "guess",
        "meta": "@sys.number",
        "userDefined": true
      }
    ],
    "isTemplate": false,
    "count": 0,
    "updated": 1507088731
  },
  {
    "id": "57a46844-193f-4a5f-9bcc-2d73b69c8b38",
    "data": [
      {
        "text": "C\u0027est sur que c\u0027est le ",
        "userDefined": false
      },
      {
        "text": "37",
        "alias": "guess",
        "meta": "@sys.number",
        "userDefined": true
      }
    ],
    "isTemplate": false,
    "count": 0,
    "updated": 1507088731
  },
  {
    "id": "b1c0b059-d77d-44a2-af65-755ccdc48da0",
    "data": [
      {
        "text": "Ca doit être le ",
        "userDefined": false
      },
      {
        "text": "27",
        "alias": "guess",
        "meta": "@sys.number",
        "userDefined": true
      }
    ],
    "isTemplate": false,
    "count": 0,
    "updated": 1507088731
  },
  {
    "id": "0ec37d07-9139-462e-9854-aa1e56922240",
    "data": [
      {
        "text": "Je pense au ",
        "userDefined": false
      },
      {
        "text": "63",
        "alias": "guess",
        "meta": "@sys.number",
        "userDefined": true
      }
    ],
    "isTemplate": false,
    "count": 0,
    "updated": 1507088731
  },
  {
    "id": "3b4bfe33-2e9c-4255-a907-66832e3dc10a",
    "data": [
      {
        "text": "C\u0027est le ",
        "userDefined": false
      },
      {
        "text": "32",
        "alias": "guess",
        "meta": "@sys.number",
        "userDefined": true
      }
    ],
    "isTemplate": false,
    "count": 0,
    "updated": 1507088731
  },
  {
    "id": "366f8c95-4ea0-432f-9dc8-9dd870c55a41",
    "data": [
      {
        "text": "Ok et ",
        "userDefined": false
      },
      {
        "text": "13",
        "alias": "guess",
        "meta": "@sys.number",
        "userDefined": true
      }
    ],
    "isTemplate": false,
    "count": 0,
    "updated": 1507088731
  },
  {
    "id": "f5e2e4c4-2ec9-4eea-aa2a-964ddc0ef91c",
    "data": [
      {
        "text": "Et si c\u0027était le ",
        "userDefined": false
      },
      {
        "text": "18",
        "alias": "guess",
        "meta": "@sys.number",
        "userDefined": true
      }
    ],
    "isTemplate": false,
    "count": 0,
    "updated": 1507088731
  },
  {
    "id": "4f02927d-0513-43be-bcc9-8be7b2e9c558",
    "data": [
      {
        "text": "Le nombre est ",
        "userDefined": false
      },
      {
        "text": "22",
        "alias": "guess",
        "meta": "@sys.number",
        "userDefined": true
      }
    ],
    "isTemplate": false,
    "count": 0,
    "updated": 1507088731
  },
  {
    "id": "993c39ef-7d03-4409-b684-f85188658d8e",
    "data": [
      {
        "text": "Est-ce que c\u0027est plus que ",
        "userDefined": false
      },
      {
        "text": "45",
        "alias": "guess",
        "meta": "@sys.number",
        "userDefined": true
      }
    ],
    "isTemplate": false,
    "count": 0,
    "updated": 1507088731
  },
  {
    "id": "93e29145-7210-41b5-9cad-cf6a4d853f9b",
    "data": [
      {
        "text": "Le nombre est ",
        "userDefined": false
      },
      {
        "text": "23",
        "alias": "guess",
        "meta": "@sys.number",
        "userDefined": true
      }
    ],
    "isTemplate": false,
    "count": 0,
    "updated": 1507088731
  },
  {
    "id": "2c88ef53-f1e5-4548-a220-a1f5680970ae",
    "data": [
      {
        "text": "Un autre serait le ",
        "userDefined": false
      },
      {
        "text": "33",
        "alias": "guess",
        "meta": "@sys.number",
        "userDefined": true
      }
    ],
    "isTemplate": false,
    "count": 0,
    "updated": 1507088731
  },
  {
    "id": "4d1e5b01-ad0c-4a84-8a29-a2384740aad0",
    "data": [
      {
        "text": "Est-ce que ca serait le ",
        "userDefined": false
      },
      {
        "text": "11",
        "alias": "guess",
        "meta": "@sys.number",
        "userDefined": true
      },
      {
        "text": "?",
        "userDefined": false
      }
    ],
    "isTemplate": false,
    "count": 0,
    "updated": 1507088731
  },
  {
    "id": "bb548b59-620a-46f2-9175-4d3211860eed",
    "data": [
      {
        "text": "Ca pourrait être le ",
        "userDefined": false
      },
      {
        "text": "11",
        "alias": "guess",
        "meta": "@sys.number",
        "userDefined": true
      }
    ],
    "isTemplate": false,
    "count": 0,
    "updated": 1507088731
  },
  {
    "id": "566d124d-a326-4655-9a0e-5dcf63fbebb0",
    "data": [
      {
        "text": "Essayons le ",
        "userDefined": false
      },
      {
        "text": "66",
        "alias": "guess",
        "meta": "@sys.number",
        "userDefined": true
      }
    ],
    "isTemplate": false,
    "count": 0,
    "updated": 1507088731
  },
  {
    "id": "04f8e894-9a69-4538-b02e-1d3bf4018ea4",
    "data": [
      {
        "text": "Je pense que c\u0027est ",
        "userDefined": false
      },
      {
        "text": "99",
        "alias": "guess",
        "meta": "@sys.number",
        "userDefined": true
      }
    ],
    "isTemplate": false,
    "count": 0,
    "updated": 1507088731
  },
  {
    "id": "697ca01c-328e-4592-a92e-7996a659ac1d",
    "data": [
      {
        "text": "Je pense à ",
        "userDefined": false
      },
      {
        "text": "99",
        "alias": "guess",
        "meta": "@sys.number",
        "userDefined": true
      }
    ],
    "isTemplate": false,
    "count": 0,
    "updated": 1507088731
  },
  {
    "id": "4fd79184-965b-48da-a8cd-3740d730c6f5",
    "data": [
      {
        "text": "J\u0027ai deviné, c\u0027est ",
        "userDefined": false
      },
      {
        "text": "55",
        "alias": "guess",
        "meta": "@sys.number",
        "userDefined": true
      }
    ],
    "isTemplate": false,
    "count": 0,
    "updated": 1507088731
  },
  {
    "id": "01cf7c5d-06bf-46f0-ab36-06f3ce8aaff6",
    "data": [
      {
        "text": "OK, c\u0027est ",
        "userDefined": false
      },
      {
        "text": "77",
        "alias": "guess",
        "meta": "@sys.number",
        "userDefined": true
      }
    ],
    "isTemplate": false,
    "count": 0,
    "updated": 1507088731
  },
  {
    "id": "5da36221-e06b-4526-aa0e-3989c50bdcaa",
    "data": [
      {
        "text": "Je pense à ",
        "userDefined": false
      },
      {
        "text": "88",
        "alias": "guess",
        "meta": "@sys.number",
        "userDefined": true
      }
    ],
    "isTemplate": false,
    "count": 0,
    "updated": 1507088731
  },
  {
    "id": "6fc7416f-af68-4460-acbb-733ff16d20f9",
    "data": [
      {
        "text": "Je dirais ",
        "userDefined": false
      },
      {
        "text": "33",
        "alias": "guess",
        "meta": "@sys.number",
        "userDefined": true
      }
    ],
    "isTemplate": false,
    "count": 1,
    "updated": 1507088731
  },
  {
    "id": "b69f6f36-401f-48ad-b190-cd7ce8403aad",
    "data": [
      {
        "text": "Essayons ",
        "userDefined": false
      },
      {
        "text": "66",
        "alias": "guess",
        "meta": "@sys.number",
        "userDefined": true
      }
    ],
    "isTemplate": false,
    "count": 0,
    "updated": 1507088731
  },
  {
    "id": "9f2cb0f2-c531-454a-a3bc-cab24a8cf31b",
    "data": [
      {
        "text": "Ca doit être le ",
        "userDefined": false
      },
      {
        "text": "99",
        "alias": "guess",
        "meta": "@sys.number",
        "userDefined": true
      }
    ],
    "isTemplate": false,
    "count": 0,
    "updated": 1507088731
  },
  {
    "id": "d40a0ac7-0fda-41dc-aaa0-a04c41aaab24",
    "data": [
      {
        "text": "Ca ne peut être que le ",
        "userDefined": false
      },
      {
        "text": "33",
        "alias": "guess",
        "meta": "@sys.number",
        "userDefined": true
      }
    ],
    "isTemplate": false,
    "count": 0,
    "updated": 1507088731
  }
]