[
  {
    "id": "699a36b0-a558-49f9-ab15-a0a3622fa1b4",
    "data": [
      {
        "text": "Ca ne serait  pas ",
        "userDefined": false
      },
      {
        "text": "88",
        "alias": "guess",
        "meta": "@sys.number",
        "userDefined": true
      },
      {
        "text": " par hasard?",
        "userDefined": false
      }
    ],
    "isTemplate": false,
    "count": 0,
    "updated": 1507088731
  },
  {
    "id": "ae51883c-a01e-4fa2-98d5-e7b7d678e056",
    "data": [
      {
        "text": "C\u0027est plus haut que ",
        "userDefined": false
      },
      {
        "text": "77",
        "alias": "guess",
        "meta": "@sys.number",
        "userDefined": true
      }
    ],
    "isTemplate": false,
    "count": 0,
    "updated": 1507088731
  },
  {
    "id": "0a6d302e-d042-42ed-8435-8a7859458e22",
    "data": [
      {
        "text": "Est-ce que c\u0027est moins que ",
        "userDefined": false
      },
      {
        "text": "88",
        "alias": "guess",
        "meta": "@sys.number",
        "userDefined": true
      }
    ],
    "isTemplate": false,
    "count": 0,
    "updated": 1507088731
  },
  {
    "id": "f44cac58-f3a4-45d3-9361-b3003ff08d58",
    "data": [
      {
        "text": "Est-ce que c\u0027est plus bas que ",
        "userDefined": false
      },
      {
        "text": "77",
        "alias": "guess",
        "meta": "@sys.number",
        "userDefined": true
      },
      {
        "text": "?",
        "userDefined": false
      }
    ],
    "isTemplate": false,
    "count": 0,
    "updated": 1507088731
  },
  {
    "id": "69901806-574b-4bfe-8480-f2e4546cf15f",
    "data": [
      {
        "text": "Est-ce que c\u0027est plus élevé que ",
        "userDefined": false
      },
      {
        "text": "88",
        "alias": "guess",
        "meta": "@sys.number",
        "userDefined": true
      },
      {
        "text": "?",
        "userDefined": false
      }
    ],
    "isTemplate": false,
    "count": 0,
    "updated": 1507088731
  },
  {
    "id": "db576bd0-c041-4921-93f6-60d6a7a8bd66",
    "data": [
      {
        "text": "Je pars sur le ",
        "userDefined": false
      },
      {
        "text": "31",
        "alias": "guess",
        "meta": "@sys.number",
        "userDefined": true
      }
    ],
    "isTemplate": false,
    "count": 0,
    "updated": 1507088731
  },
  {
    "id": "44c2bf4c-be0d-4557-ab65-4ed1eb7af8ea",
    "data": [
      {
        "text": "Testons le ",
        "userDefined": false
      },
      {
        "text": "31",
        "alias": "guess",
        "meta": "@sys.number",
        "userDefined": true
      }
    ],
    "isTemplate": false,
    "count": 0,
    "updated": 1507088731
  },
  {
    "id": "00f0ec3f-fc8a-4757-a46f-b66c514c23fe",
    "data": [
      {
        "text": "Essayons avec ",
        "userDefined": false
      },
      {
        "text": "25",
        "alias": "guess",
        "meta": "@sys.number",
        "userDefined": true
      }
    ],
    "isTemplate": false,
    "count": 0,
    "updated": 1507088731
  },
  {
    "id": "6bd7d726-5eed-410a-b490-3845c2808a67",
    "data": [
      {
        "text": "C\u0027est sur que c\u0027est le ",
        "userDefined": false
      },
      {
        "text": "37",
        "alias": "guess",
        "meta": "@sys.number",
        "userDefined": true
      }
    ],
    "isTemplate": false,
    "count": 0,
    "updated": 1507088731
  },
  {
    "id": "e8582e6e-a697-47d1-b322-5da94f52ba74",
    "data": [
      {
        "text": "Ca doit être le ",
        "userDefined": false
      },
      {
        "text": "27",
        "alias": "guess",
        "meta": "@sys.number",
        "userDefined": true
      }
    ],
    "isTemplate": false,
    "count": 0,
    "updated": 1507088731
  },
  {
    "id": "b6dbc933-75e5-4db4-a2db-b76d6217f116",
    "data": [
      {
        "text": "Je pense au ",
        "userDefined": false
      },
      {
        "text": "63",
        "alias": "guess",
        "meta": "@sys.number",
        "userDefined": true
      }
    ],
    "isTemplate": false,
    "count": 0,
    "updated": 1507088731
  },
  {
    "id": "867c8cf0-e7d6-4bd4-bc1d-1251c09decce",
    "data": [
      {
        "text": "C\u0027est le ",
        "userDefined": false
      },
      {
        "text": "32",
        "alias": "guess",
        "meta": "@sys.number",
        "userDefined": true
      }
    ],
    "isTemplate": false,
    "count": 0,
    "updated": 1507088731
  },
  {
    "id": "0bb48ebd-1706-418e-ae10-91ca5084bef9",
    "data": [
      {
        "text": "Ok et ",
        "userDefined": false
      },
      {
        "text": "13",
        "alias": "guess",
        "meta": "@sys.number",
        "userDefined": true
      }
    ],
    "isTemplate": false,
    "count": 0,
    "updated": 1507088731
  },
  {
    "id": "1b37c928-71f4-4c7e-8fdf-9f4c942b433e",
    "data": [
      {
        "text": "Et si c\u0027était le ",
        "userDefined": false
      },
      {
        "text": "18",
        "alias": "guess",
        "meta": "@sys.number",
        "userDefined": true
      }
    ],
    "isTemplate": false,
    "count": 0,
    "updated": 1507088731
  },
  {
    "id": "fbbe06a3-adaa-43aa-85e0-ad2bda3616ec",
    "data": [
      {
        "text": "Le nombre est ",
        "userDefined": false
      },
      {
        "text": "22",
        "alias": "guess",
        "meta": "@sys.number",
        "userDefined": true
      }
    ],
    "isTemplate": false,
    "count": 0,
    "updated": 1507088731
  },
  {
    "id": "19e5ccd6-e41a-4821-b07f-b82632ec4246",
    "data": [
      {
        "text": "Est-ce que c\u0027est plus que ",
        "userDefined": false
      },
      {
        "text": "45",
        "alias": "guess",
        "meta": "@sys.number",
        "userDefined": true
      }
    ],
    "isTemplate": false,
    "count": 0,
    "updated": 1507088731
  },
  {
    "id": "41e9a7e8-f16e-48c6-a80f-a19b63d2ad64",
    "data": [
      {
        "text": "Le nombre est ",
        "userDefined": false
      },
      {
        "text": "23",
        "alias": "guess",
        "meta": "@sys.number",
        "userDefined": true
      }
    ],
    "isTemplate": false,
    "count": 0,
    "updated": 1507088731
  },
  {
    "id": "a1ba560b-e14a-46f7-8334-5df853f14bf3",
    "data": [
      {
        "text": "Un autre serait le ",
        "userDefined": false
      },
      {
        "text": "33",
        "alias": "guess",
        "meta": "@sys.number",
        "userDefined": true
      }
    ],
    "isTemplate": false,
    "count": 0,
    "updated": 1507088731
  },
  {
    "id": "12f4104f-e8b8-46d2-a5f6-7d877c2c885d",
    "data": [
      {
        "text": "Est-ce que ca serait le ",
        "userDefined": false
      },
      {
        "text": "11",
        "alias": "guess",
        "meta": "@sys.number",
        "userDefined": true
      },
      {
        "text": "?",
        "userDefined": false
      }
    ],
    "isTemplate": false,
    "count": 0,
    "updated": 1507088731
  },
  {
    "id": "9dd47b9e-367d-4759-908e-c2bbde5ccfb5",
    "data": [
      {
        "text": "Ca pourrait être le ",
        "userDefined": false
      },
      {
        "text": "11",
        "alias": "guess",
        "meta": "@sys.number",
        "userDefined": true
      }
    ],
    "isTemplate": false,
    "count": 0,
    "updated": 1507088731
  },
  {
    "id": "b8b34385-b571-4ee9-99f4-88a8ccf02ee0",
    "data": [
      {
        "text": "Essayons le ",
        "userDefined": false
      },
      {
        "text": "66",
        "alias": "guess",
        "meta": "@sys.number",
        "userDefined": true
      }
    ],
    "isTemplate": false,
    "count": 0,
    "updated": 1507088731
  },
  {
    "id": "addc267b-3fd9-4aab-865e-04c4f18ef0b6",
    "data": [
      {
        "text": "Je pense que c\u0027est ",
        "userDefined": false
      },
      {
        "text": "99",
        "alias": "guess",
        "meta": "@sys.number",
        "userDefined": true
      }
    ],
    "isTemplate": false,
    "count": 0,
    "updated": 1507088731
  },
  {
    "id": "3597a9ab-cdd9-4ff7-8524-9efc4386cf8d",
    "data": [
      {
        "text": "Je pense à ",
        "userDefined": false
      },
      {
        "text": "99",
        "alias": "guess",
        "meta": "@sys.number",
        "userDefined": true
      }
    ],
    "isTemplate": false,
    "count": 0,
    "updated": 1507088731
  },
  {
    "id": "698be45c-65e1-42c5-8504-edf47721cf09",
    "data": [
      {
        "text": "J\u0027ai deviné, c\u0027est ",
        "userDefined": false
      },
      {
        "text": "55",
        "alias": "guess",
        "meta": "@sys.number",
        "userDefined": true
      }
    ],
    "isTemplate": false,
    "count": 0,
    "updated": 1507088731
  },
  {
    "id": "583af2cc-7db9-4f70-bc5c-38b2524aef71",
    "data": [
      {
        "text": "OK, c\u0027est ",
        "userDefined": false
      },
      {
        "text": "77",
        "alias": "guess",
        "meta": "@sys.number",
        "userDefined": true
      }
    ],
    "isTemplate": false,
    "count": 0,
    "updated": 1507088731
  },
  {
    "id": "ce595e3e-2028-43bc-a85d-c87019a25865",
    "data": [
      {
        "text": "Je pense à ",
        "userDefined": false
      },
      {
        "text": "88",
        "alias": "guess",
        "meta": "@sys.number",
        "userDefined": true
      }
    ],
    "isTemplate": false,
    "count": 0,
    "updated": 1507088731
  },
  {
    "id": "452ec77a-41c3-4a09-9645-0992d7eb800d",
    "data": [
      {
        "text": "Je dirais ",
        "userDefined": false
      },
      {
        "text": "33",
        "alias": "guess",
        "meta": "@sys.number",
        "userDefined": true
      }
    ],
    "isTemplate": false,
    "count": 1,
    "updated": 1507088731
  },
  {
    "id": "cde757e8-8c94-4d0c-b22c-4ea3d2bd81b1",
    "data": [
      {
        "text": "Essayons ",
        "userDefined": false
      },
      {
        "text": "66",
        "alias": "guess",
        "meta": "@sys.number",
        "userDefined": true
      }
    ],
    "isTemplate": false,
    "count": 0,
    "updated": 1507088731
  },
  {
    "id": "7d386d0f-6f97-47da-9c7f-618a8830983e",
    "data": [
      {
        "text": "Ca doit être le ",
        "userDefined": false
      },
      {
        "text": "99",
        "alias": "guess",
        "meta": "@sys.number",
        "userDefined": true
      }
    ],
    "isTemplate": false,
    "count": 0,
    "updated": 1507088731
  },
  {
    "id": "5778bcf0-4724-4c71-9497-2632ce0c908d",
    "data": [
      {
        "text": "Ca ne peut être que le ",
        "userDefined": false
      },
      {
        "text": "33",
        "alias": "guess",
        "meta": "@sys.number",
        "userDefined": true
      }
    ],
    "isTemplate": false,
    "count": 0,
    "updated": 1507088731
  }
]