[
  {
    "id": "eb8ae452-e47c-4d28-93c9-acdc2c897b5a",
    "data": [
      {
        "text": "J\u0027en ai assez",
        "userDefined": false
      }
    ],
    "isTemplate": false,
    "count": 0,
    "updated": 1507088759
  },
  {
    "id": "bf808386-2559-47b1-baff-94459fd62809",
    "data": [
      {
        "text": "Ca suffit",
        "userDefined": false
      }
    ],
    "isTemplate": false,
    "count": 0,
    "updated": 1507088759
  },
  {
    "id": "d7503e60-2e49-46d6-a093-61710b467eda",
    "data": [
      {
        "text": "On arrête",
        "userDefined": false
      }
    ],
    "isTemplate": false,
    "count": 0,
    "updated": 1507088759
  },
  {
    "id": "bb4121b8-7bee-4968-ad11-ec552f6b1d44",
    "data": [
      {
        "text": "Stop",
        "userDefined": false
      }
    ],
    "isTemplate": false,
    "count": 0,
    "updated": 1507088759
  },
  {
    "id": "685ceeb7-27c2-4d36-a337-5d71daa527d2",
    "data": [
      {
        "text": "Je veux arrêter",
        "userDefined": false
      }
    ],
    "isTemplate": false,
    "count": 0,
    "updated": 1507088759
  },
  {
    "id": "9e8d4d70-42b8-4901-877a-a55a5a8675e9",
    "data": [
      {
        "text": "J\u0027arrête",
        "userDefined": false
      }
    ],
    "isTemplate": false,
    "count": 0,
    "updated": 1507088759
  },
  {
    "id": "02fa3fd8-82ce-4cba-ba62-0065ddd28bd8",
    "data": [
      {
        "text": "J\u0027abandonne",
        "userDefined": false
      }
    ],
    "isTemplate": false,
    "count": 0,
    "updated": 1507088759
  }
]