[
  {
    "id": "e1acef70-64d9-4dbc-a7f2-c2149fd3991a",
    "data": [
      {
        "text": "i\u0027m done",
        "userDefined": false
      }
    ],
    "isTemplate": false,
    "count": 0,
    "updated": 1507076828
  },
  {
    "id": "0055da48-f2dc-4100-b731-50c1cef52eeb",
    "data": [
      {
        "text": "quit",
        "userDefined": false
      }
    ],
    "isTemplate": false,
    "count": 0,
    "updated": 0
  },
  {
    "id": "4cd278df-4786-46f7-9d59-144e57c02ec0",
    "data": [
      {
        "text": "stop",
        "userDefined": false
      }
    ],
    "isTemplate": false,
    "count": 0,
    "updated": 0
  },
  {
    "id": "16269e80-80ca-46ad-832f-9cb1569e71f1",
    "data": [
      {
        "text": "i give up",
        "userDefined": false
      }
    ],
    "isTemplate": false,
    "count": 0,
    "updated": 0
  },
  {
    "id": "e95d0082-ff8b-47cd-a0cb-5f99ca033015",
    "data": [
      {
        "text": "i quit",
        "userDefined": false
      }
    ],
    "isTemplate": false,
    "count": 0,
    "updated": 0
  }
]