[
  {
    "id": "ebcc48a4-2bdc-4e4e-b195-15d0c2537905",
    "data": [
      {
        "text": "J\u0027en ai assez",
        "userDefined": false
      }
    ],
    "isTemplate": false,
    "count": 0,
    "updated": 1507088759
  },
  {
    "id": "3ee230f7-4f2b-447e-991c-a7a00176f31d",
    "data": [
      {
        "text": "Ca suffit",
        "userDefined": false
      }
    ],
    "isTemplate": false,
    "count": 0,
    "updated": 1507088759
  },
  {
    "id": "83a8de19-c8d4-4fd7-afb6-bf500f4ac17a",
    "data": [
      {
        "text": "On arrête",
        "userDefined": false
      }
    ],
    "isTemplate": false,
    "count": 0,
    "updated": 1507088759
  },
  {
    "id": "88367a98-9210-4151-a75c-595c737fa311",
    "data": [
      {
        "text": "Stop",
        "userDefined": false
      }
    ],
    "isTemplate": false,
    "count": 0,
    "updated": 1507088759
  },
  {
    "id": "c2874a0f-46bc-462f-9c0e-fe709c2499a7",
    "data": [
      {
        "text": "Je veux arrêter",
        "userDefined": false
      }
    ],
    "isTemplate": false,
    "count": 0,
    "updated": 1507088759
  },
  {
    "id": "c51ccc46-c635-4785-a670-e2b389f70a0d",
    "data": [
      {
        "text": "J\u0027arrête",
        "userDefined": false
      }
    ],
    "isTemplate": false,
    "count": 0,
    "updated": 1507088759
  },
  {
    "id": "8ceae712-3113-4892-b151-bb6b2dbd5cd0",
    "data": [
      {
        "text": "J\u0027abandonne",
        "userDefined": false
      }
    ],
    "isTemplate": false,
    "count": 0,
    "updated": 1507088759
  }
]