[
  {
    "id": "d0c752bd-af2b-4f16-b3aa-ef9ab6037216",
    "data": [
      {
        "text": "i\u0027m done",
        "userDefined": false
      }
    ],
    "isTemplate": false,
    "count": 0,
    "updated": 1507076828
  },
  {
    "id": "272d9edb-3203-4d46-8eb8-b10bdda7a90b",
    "data": [
      {
        "text": "quit",
        "userDefined": false
      }
    ],
    "isTemplate": false,
    "count": 0,
    "updated": 0
  },
  {
    "id": "2ceaeff8-9e9c-4221-8fcc-d140f3bf4f6a",
    "data": [
      {
        "text": "stop",
        "userDefined": false
      }
    ],
    "isTemplate": false,
    "count": 0,
    "updated": 0
  },
  {
    "id": "ac3c8dd0-0249-4d6e-bf31-74126de11ff1",
    "data": [
      {
        "text": "i give up",
        "userDefined": false
      }
    ],
    "isTemplate": false,
    "count": 0,
    "updated": 0
  },
  {
    "id": "453601de-9c06-4424-9e07-97dc05d20c15",
    "data": [
      {
        "text": "i quit",
        "userDefined": false
      }
    ],
    "isTemplate": false,
    "count": 0,
    "updated": 0
  }
]