[
  {
    "id": "d28ea29d-fee6-4cee-b27d-e400b7c19cb9",
    "data": [
      {
        "text": "say that again",
        "userDefined": false
      }
    ],
    "isTemplate": false,
    "count": 0,
    "updated": 0
  },
  {
    "id": "758a6ef1-595d-4ccb-8516-a747ba0b222b",
    "data": [
      {
        "text": "again?",
        "userDefined": false
      }
    ],
    "isTemplate": false,
    "count": 0,
    "updated": 0
  },
  {
    "id": "b8d2c35a-ed52-4fe8-b018-d45ce402a9cf",
    "data": [
      {
        "text": "repeat that",
        "userDefined": false
      }
    ],
    "isTemplate": false,
    "count": 0,
    "updated": 0
  },
  {
    "id": "3774cd09-ee94-4751-88bc-8fc99f171bf9",
    "data": [
      {
        "text": "what?",
        "userDefined": false
      }
    ],
    "isTemplate": false,
    "count": 0,
    "updated": 0
  },
  {
    "id": "e77fb51d-d98f-4498-8df7-31a90b1bbb9f",
    "data": [
      {
        "text": "what did you say?",
        "userDefined": false
      }
    ],
    "isTemplate": false,
    "count": 0,
    "updated": 0
  },
  {
    "id": "3b64b373-3cf2-4d57-af3d-ec4bb6c9567b",
    "data": [
      {
        "text": "I didn\u0027t hear that?",
        "userDefined": false
      }
    ],
    "isTemplate": false,
    "count": 0,
    "updated": 0
  },
  {
    "id": "e394239d-0396-479e-a93f-32fc225f016c",
    "data": [
      {
        "text": "could you say that again?",
        "userDefined": false
      }
    ],
    "isTemplate": false,
    "count": 0,
    "updated": 0
  },
  {
    "id": "b71562ff-353d-449b-be2c-ba01213b0d0b",
    "data": [
      {
        "text": "could you repeat that?",
        "userDefined": false
      }
    ],
    "isTemplate": false,
    "count": 0,
    "updated": 0
  },
  {
    "id": "cd1bb543-c46c-4e25-a68c-8cc8066d7e14",
    "data": [
      {
        "text": "I didn\u0027t catch that",
        "userDefined": false
      }
    ],
    "isTemplate": false,
    "count": 0,
    "updated": 0
  },
  {
    "id": "3a2d077a-4940-4646-844a-ddc1c5f6b138",
    "data": [
      {
        "text": "say again?",
        "userDefined": false
      }
    ],
    "isTemplate": false,
    "count": 0,
    "updated": 0
  }
]