[
  {
    "id": "4d1059f4-bd31-47e9-97c2-eb425215afce",
    "data": [
      {
        "text": "Encore ?",
        "userDefined": false
      }
    ],
    "isTemplate": false,
    "count": 0,
    "updated": 1507088806
  },
  {
    "id": "95109d1f-79d4-418e-bbe5-657c5cd89ec9",
    "data": [
      {
        "text": "J\u0027ai pas capté",
        "userDefined": false
      }
    ],
    "isTemplate": false,
    "count": 0,
    "updated": 1507088806
  },
  {
    "id": "4cd0a5cf-3c34-4bbc-8bb4-970ded083063",
    "data": [
      {
        "text": "Qu\u0027est-ce que tu as dit ?",
        "userDefined": false
      }
    ],
    "isTemplate": false,
    "count": 0,
    "updated": 1507088806
  },
  {
    "id": "1d0cf9ea-0c77-4251-907e-1a990096f488",
    "data": [
      {
        "text": "Quoi ?",
        "userDefined": false
      }
    ],
    "isTemplate": false,
    "count": 0,
    "updated": 1507088806
  },
  {
    "id": "8dd358c4-cae1-4133-9395-097688f08f90",
    "data": [
      {
        "text": "Je n\u0027ai pas entendu",
        "userDefined": false
      }
    ],
    "isTemplate": false,
    "count": 0,
    "updated": 1507088806
  },
  {
    "id": "c314abca-e669-4a85-aa90-4abfd94c6642",
    "data": [
      {
        "text": "Vous pouvez répéter",
        "userDefined": false
      }
    ],
    "isTemplate": false,
    "count": 0,
    "updated": 1507088806
  },
  {
    "id": "92300865-06cc-49de-be9e-3deb477d9696",
    "data": [
      {
        "text": "Répète",
        "userDefined": false
      }
    ],
    "isTemplate": false,
    "count": 0,
    "updated": 1507088806
  },
  {
    "id": "b757d9fb-2997-4a91-bf51-d4ced35e9418",
    "data": [
      {
        "text": "Tu peux répéter ?",
        "userDefined": false
      }
    ],
    "isTemplate": false,
    "count": 0,
    "updated": 1507088806
  },
  {
    "id": "09cea66c-8d52-43e8-b712-8a5e90c31089",
    "data": [
      {
        "text": "Je n\u0027ai pas compris",
        "userDefined": false
      }
    ],
    "isTemplate": false,
    "count": 0,
    "updated": 1507088806
  }
]