[
  {
    "id": "1b8b7539-4006-4a8e-b9dc-5c8054b9d98c",
    "data": [
      {
        "text": "Encore ?",
        "userDefined": false
      }
    ],
    "isTemplate": false,
    "count": 0,
    "updated": 1507088806
  },
  {
    "id": "1c38cf9e-96cf-46e9-bc8a-810ec54f8927",
    "data": [
      {
        "text": "J\u0027ai pas capté",
        "userDefined": false
      }
    ],
    "isTemplate": false,
    "count": 0,
    "updated": 1507088806
  },
  {
    "id": "9b5e02ed-1b63-4515-932a-350ebd4b9028",
    "data": [
      {
        "text": "Qu\u0027est-ce que tu as dit ?",
        "userDefined": false
      }
    ],
    "isTemplate": false,
    "count": 0,
    "updated": 1507088806
  },
  {
    "id": "c3990ab6-06a2-46cf-8cec-b54f6c5e3211",
    "data": [
      {
        "text": "Quoi ?",
        "userDefined": false
      }
    ],
    "isTemplate": false,
    "count": 0,
    "updated": 1507088806
  },
  {
    "id": "122daf5e-ec43-41b9-b0ff-55e958774758",
    "data": [
      {
        "text": "Je n\u0027ai pas entendu",
        "userDefined": false
      }
    ],
    "isTemplate": false,
    "count": 0,
    "updated": 1507088806
  },
  {
    "id": "f62242e6-bb52-4c07-adbf-0daca814ad79",
    "data": [
      {
        "text": "Vous pouvez répéter",
        "userDefined": false
      }
    ],
    "isTemplate": false,
    "count": 0,
    "updated": 1507088806
  },
  {
    "id": "d8d3a7ff-6c84-4f71-b648-2ba5ccece825",
    "data": [
      {
        "text": "Répète",
        "userDefined": false
      }
    ],
    "isTemplate": false,
    "count": 0,
    "updated": 1507088806
  },
  {
    "id": "184fb715-4aec-4d25-b3b6-96f34eb8cd0c",
    "data": [
      {
        "text": "Tu peux répéter ?",
        "userDefined": false
      }
    ],
    "isTemplate": false,
    "count": 0,
    "updated": 1507088806
  },
  {
    "id": "8464024a-4715-4bf9-9eeb-922077b677d3",
    "data": [
      {
        "text": "Je n\u0027ai pas compris",
        "userDefined": false
      }
    ],
    "isTemplate": false,
    "count": 0,
    "updated": 1507088806
  }
]