[
  {
    "id": "010e8de2-ee18-43e3-96b0-d48bfeb720de",
    "data": [
      {
        "text": "say that again",
        "userDefined": false
      }
    ],
    "isTemplate": false,
    "count": 0,
    "updated": 0
  },
  {
    "id": "dba1ae91-f50b-480f-9dea-8f9db14be67f",
    "data": [
      {
        "text": "again?",
        "userDefined": false
      }
    ],
    "isTemplate": false,
    "count": 0,
    "updated": 0
  },
  {
    "id": "19840f92-faa3-49c2-97db-c9a80e0a27c1",
    "data": [
      {
        "text": "repeat that",
        "userDefined": false
      }
    ],
    "isTemplate": false,
    "count": 0,
    "updated": 0
  },
  {
    "id": "f16ab03a-443e-4e1a-8df8-a2dc02f3ce00",
    "data": [
      {
        "text": "what?",
        "userDefined": false
      }
    ],
    "isTemplate": false,
    "count": 0,
    "updated": 0
  },
  {
    "id": "f5b25490-ee74-41f5-9c24-fb0199163401",
    "data": [
      {
        "text": "what did you say?",
        "userDefined": false
      }
    ],
    "isTemplate": false,
    "count": 0,
    "updated": 0
  },
  {
    "id": "1d4183c6-2621-4068-83f7-8d543af14e58",
    "data": [
      {
        "text": "I didn\u0027t hear that?",
        "userDefined": false
      }
    ],
    "isTemplate": false,
    "count": 0,
    "updated": 0
  },
  {
    "id": "64e19440-a876-4ba0-9cd2-0c7fd0471b8d",
    "data": [
      {
        "text": "could you say that again?",
        "userDefined": false
      }
    ],
    "isTemplate": false,
    "count": 0,
    "updated": 0
  },
  {
    "id": "75f9bd75-ba3e-401e-afe1-d77efd97189c",
    "data": [
      {
        "text": "could you repeat that?",
        "userDefined": false
      }
    ],
    "isTemplate": false,
    "count": 0,
    "updated": 0
  },
  {
    "id": "9607ae0d-715a-4c91-9309-5011a6a3c0a1",
    "data": [
      {
        "text": "I didn\u0027t catch that",
        "userDefined": false
      }
    ],
    "isTemplate": false,
    "count": 0,
    "updated": 0
  },
  {
    "id": "e205de0f-4251-462e-9c6c-092cb60bce6e",
    "data": [
      {
        "text": "say again?",
        "userDefined": false
      }
    ],
    "isTemplate": false,
    "count": 0,
    "updated": 0
  }
]