[
  {
    "id": "adcb04ec-2fec-44d5-aa45-8678f89ff216",
    "data": [
      {
        "text": "number genie number game",
        "userDefined": false
      }
    ],
    "isTemplate": false,
    "count": 0,
    "updated": 0
  },
  {
    "id": "09d09c64-87cf-4a9a-b0d9-5620ec7ae97e",
    "data": [
      {
        "text": "number genie random number game",
        "userDefined": false
      }
    ],
    "isTemplate": false,
    "count": 0,
    "updated": 0
  },
  {
    "id": "f010ee1d-867c-429a-b7da-724b4773f09d",
    "data": [
      {
        "text": "number genie game",
        "userDefined": false
      }
    ],
    "isTemplate": false,
    "count": 0,
    "updated": 0
  },
  {
    "id": "f1a9cbac-93f9-429c-8f40-7106749c8674",
    "data": [
      {
        "text": "random number genie",
        "userDefined": false
      }
    ],
    "isTemplate": false,
    "count": 1,
    "updated": 0
  },
  {
    "id": "cf442a91-c1ed-44b2-8eff-c96ccfbb3c0f",
    "data": [
      {
        "text": "number genie quiz",
        "userDefined": false
      }
    ],
    "isTemplate": false,
    "count": 0,
    "updated": 0
  },
  {
    "id": "5ba06ffb-796e-4758-bf86-7667649880ca",
    "data": [
      {
        "text": "number genie",
        "userDefined": false
      }
    ],
    "isTemplate": false,
    "count": 0,
    "updated": 0
  }
]