[
  {
    "id": "6a608d58-ee0a-4bd5-9d35-aaeaf93f3d4a",
    "data": [
      {
        "text": "number genie number game",
        "userDefined": false
      }
    ],
    "isTemplate": false,
    "count": 0,
    "updated": 0
  },
  {
    "id": "23a1bbe7-30d2-4472-b607-0e6a14824268",
    "data": [
      {
        "text": "number genie random number game",
        "userDefined": false
      }
    ],
    "isTemplate": false,
    "count": 0,
    "updated": 0
  },
  {
    "id": "53f4f652-a52d-464f-869c-fd2fc1ee6890",
    "data": [
      {
        "text": "number genie game",
        "userDefined": false
      }
    ],
    "isTemplate": false,
    "count": 0,
    "updated": 0
  },
  {
    "id": "31185584-ae71-4809-8daa-21d100bceb89",
    "data": [
      {
        "text": "random number genie",
        "userDefined": false
      }
    ],
    "isTemplate": false,
    "count": 1,
    "updated": 0
  },
  {
    "id": "07582173-4bd3-4f3c-b0d6-53320fc7ed99",
    "data": [
      {
        "text": "number genie quiz",
        "userDefined": false
      }
    ],
    "isTemplate": false,
    "count": 0,
    "updated": 0
  },
  {
    "id": "bdbdb45d-a898-41a9-b120-b09f3c0aa611",
    "data": [
      {
        "text": "number genie",
        "userDefined": false
      }
    ],
    "isTemplate": false,
    "count": 0,
    "updated": 0
  }
]